-- Insertar categorías
INSERT INTO `categories` (`id`, `name`, `description`) VALUES
(1,'Sistema Digestivo','Productos para el sistema digestivo y hepático'),
(2,'Sistema Reproductivo','Productos para el sistema reproductivo y hormonal'),
(3,'Sistema Nervioso','Productos para el sistema nervioso y relajantes'),
(4,'Sistema Respiratorio','Productos para el sistema respiratorio e inmunológico'),
(5,'Sistema Circulatorio','Productos para el sistema circulatorio y articular'),
(6,'Tés Específicos','Productos con ingredientes específicos y sabores'),
(7,'Aceites y productos naturales','Categoría para aceites y productos naturales como geles'),
(8,'Sistema Inmunológico','Productos relacionados con el fortalecimiento del sistema inmunológico'),
(9,'Articulaciones y Muscular','Productos para la salud articular y muscular'),
(10,'Suplementos e Inyecciones','Vitaminas, inyecciones y suplementos diversos'),
(11,'Cuidados personales y cosméticos','Productos para el cuidado personal como champús y aceites'),
(12,'Sistema inmune y antibióticos naturales','Productos para fortalecer el sistema inmune y antibióticos naturales');

-- Insertar proveedores
INSERT INTO `suppliers` (`id`, `name`, `description`) VALUES
(1,'Nicaté','Laboratorio Nicaté'),
(2,'Laboratorio PROMEDICP','Laboratorio PROMEDICP'),
(3,'Laboratorio MANAGUA','Laboratorio MANAGUA'),
(4,'Laboratorio RAMOS','Laboratorio RAMOS'),
(5,'NATGREENSA','Laboratorio NATGREENSA');

-- Insertar productos/items
INSERT INTO `items` (`id`, `name`, `category_id`) VALUES
(1,'Hepatico',1),
(2,'Manzanilla',6),
(3,'Menopausico',2),
(4,'Menstrual',2),
(5,'Respiratori',4),
(6,'Chancapiedra',1),
(7,'Jengibre canela',7),
(8,'Digestivo',1),
(9,'Artritis',9),
(10,'Adelgasante',1),
(11,'Pasiflora',3),
(12,'Prostata',2),
(13,'Renal',1),
(14,'Tilo',3),
(15,'Valeriana',3),
(16,'Boldo',1),
(17,'Cola de caballo',1),
(18,'Melisa',3),
(19,'Cardiovascular',5),
(20,'Antigripal',4),
(21,'Canela',7),
(22,'Verde',6),
(23,'Artritfin',9),
(24,'Antireumatico',9),
(25,'Circulacion',5),
(26,'Pies casados',5),
(27,'Acido urico',1),
(28,'Ajo/Apio y perejil',1),
(29,'Arcilla digestiva',1),
(30,'Artritis for',9),
(31,'Boldo',1),
(32,'Canela',7),
(33,'Caraña',1),
(34,'Cartiago de tiburn',9),
(35,'Cascabel',4),
(36,'Cascara sagrada',1),
(37,'Castaña de india',1),
(38,'Cla de caballo',1),
(39,'Colesterol',5),
(40,'Curcuma',1),
(41,'Desintoxi colon',1),
(42,'Diente de leon',1),
(43,'Equinacea',8),
(44,'Fenogreco',1),
(45,'Flor de tilo',3),
(46,'Gastritis',1),
(47,'Gingo biloba',3),
(48,'Helico bacter',8),
(49,'Hemorroy for',9),
(50,'Limpia colon',1),
(51,'Muerdago',8),
(52,'Ovarios',2),
(53,'Prostata',2),
(54,'Rompe piedra',1),
(55,'Sana colon',1),
(56,'Sana higado',1),
(57,'Trigliseridos',5),
(58,'Uña de gato',8),
(59,'Fibra adelazante',1),
(60,'Fibra limpieza de colon',1),
(61,'Batidos',1),
(62,'Linaza chia jamaica',1),
(63,'Trialsamo',1),
(64,'Ge de arnica',7),
(65,'Gel de mango',7),
(66,'Gel 7 plantas',7),
(67,'Varigel',7),
(68,'Artriel',9),
(69,'Antianemico',10),
(70,'Arcilla liquida',1),
(71,'Ama vid',10),
(72,'Pulmobron adulto',4),
(73,'Pulmobron niño',4),
(74,'Aceite de coco',7),
(75,'Aceite de almendras',7),
(76,'Aceite de rosas',7),
(77,'Aceite de aguacate',7),
(78,'Aceite de manzanilla',7),
(79,'AK. ART',9),
(80,'AK pulmon',4),
(81,'AK.preson',5),
(82,'AK colest.',5),
(83,'AK mujer',2),
(84,'AK diabetes',1),
(85,'SEX.dafil',2),
(86,'glucosamina',9),
(87,'colageno',9),
(88,'rabano yod',1),
(89,'kitatos',1),
(90,'limp.sangre',5),
(91,'ampolla bb',10),
(92,'foskrol gin',5),
(93,'seng',1),
(94,'mujer feliz',2),
(95,'gingo biloba',3),
(96,'mas ginseg',10),
(97,'cero stres',3),
(98,'en inyeccion',10),
(99,'compleben',10),
(100,'higado crudo',1),
(101,'inyeccion',10),
(102,'hepaceguel',1),
(103,'doloneurobion',10),
(104,'aceite argan',7),
(105,'aceite romero',7),
(106,'aceite oregano',7),
(107,'Acido urico',1),
(108,'Tiroidal',2),
(109,'Sex men',2),
(110,'Sabila lino sen',1),
(111,'Curcuma compuesta',1),
(112,'menopausia',2),
(113,'vesicula biliar',1),
(114,'energi full',10),
(115,'Renal power',1),
(116,'Normo precion',5),
(117,'gastro fin',1),
(118,'Colesterol y trigliseridos',5),
(119,'desparasitate',8),
(120,'ajo puro',1),
(121,'Sinusitis, gripe y tos',4),
(122,'ovaricomplex',2),
(123,'cola de caballo',1),
(124,'limpia colon e higado',1),
(125,'set de champu argan',11),
(126,'set de champu romero y aloe vera',11),
(127,'champu romero',11),
(128,'Boldo',1),
(129,'Chanca piedra',1),
(130,'Blodex',1),
(131,'Levadura de cerveza',1),
(132,'Cardo mariano',1),
(133,'Oxilam',1),
(134,'Esliwfat',1),
(135,'Colwax',1),
(136,'Eutirox',1),
(137,'Pilobacter',1),
(138,'Peptium',1),
(139,'Cramberri',1),
(140,'Cardioben',5),
(141,'Antibiotic',12),
(142,'Tiroccel',1),
(143,'Hepabil',8),
(144,'Urixan',8),
(145,'Reumanax',9),
(146,'Ciatic',9),
(147,'Strofen',9),
(148,'Uroprostat',2),
(149,'Power maca',1),
(150,'Ginseng pastilla',9),
(151,'Bronquial adulto',4),
(152,'Vitamina gr',10),
(153,'Bronquial kit',4),
(154,'Liverplus',1);

-- Insertar productos de proveedores
INSERT INTO `supplier_products` (`id`, `supplier_id`, `item_id`, `buy_price`, `sell_price`) VALUES
(1,1,1,75.00,160.00),
(2,1,2,64.00,140.00),
(3,1,3,70.00,150.00),
(4,1,4,70.00,150.00),
(5,1,5,66.00,150.00),
(6,1,6,70.00,150.00),
(7,1,7,79.00,170.00),
(8,1,8,74.00,160.00),
(9,1,9,75.00,160.00),
(10,1,10,74.00,160.00),
(11,1,11,68.00,150.00),
(12,1,12,75.00,160.00),
(13,1,13,75.00,160.00),
(14,1,14,65.00,140.00),
(15,1,15,70.00,150.00),
(16,1,16,69.00,150.00),
(17,1,17,65.00,140.00),
(18,1,18,65.00,140.00),
(19,1,19,75.00,160.00),
(20,1,20,65.00,140.00),
(21,1,21,88.00,190.00),
(22,1,22,85.00,180.00),
(23,1,23,90.00,190.00),
(24,1,24,90.00,190.00),
(25,1,25,90.00,190.00),
(26,1,26,90.00,190.00),
(27,2,27,60.00,140.00),
(28,2,28,65.00,140.00),
(29,2,29,50.00,155.00),
(30,2,30,65.00,140.00),
(31,2,31,55.00,120.00),
(32,3,32,90.00,180.00),
(33,3,33,90.00,180.00),
(34,3,34,90.00,180.00),
(35,3,35,90.00,180.00),
(36,3,36,90.00,180.00),
(37,3,37,90.00,180.00),
(38,4,38,70.00,150.00),
(39,4,39,68.00,150.00),
(40,4,40,90.00,190.00),
(41,4,41,80.00,170.00),
(42,4,42,85.00,180.00),
(43,5,43,109.00,220.00),
(44,5,44,167.00,340.00),
(45,5,45,167.00,380.00),
(46,5,46,212.00,430.00),
(47,5,47,155.00,310.00),
(48,5,154,230.00,460.00),
(49,5,6,167.00,340.00),
(50,5,16,109.00,220.00),
(51,5,31,109.00,220.00),
(52,5,128,109.00,220.00),
(53,5,130,167.00,380.00),
(54,5,131,212.00,430.00),
(55,5,132,155.00,310.00),
(56,5,133,116.00,240.00),
(57,5,134,184.00,370.00),
(58,5,135,184.00,370.00),
(59,5,136,187.00,380.00),
(60,5,137,198.00,410.00),
(61,5,138,187.00,380.00),
(62,5,139,225.00,460.00),
(63,5,140,184.00,370.00),
(64,5,141,198.00,410.00),
(65,5,142,192.00,410.00),
(66,5,143,184.00,370.00),
(67,5,144,187.00,370.00),
(68,5,145,184.00,370.00),
(69,5,146,198.00,400.00),
(70,5,147,172.00,350.00),
(71,5,148,184.00,370.00),
(72,5,149,184.00,370.00),
(73,5,150,271.00,550.00),
(74,5,151,230.00,460.00),
(75,5,152,271.00,460.00),
(76,5,153,235.00,470.00),
(77,5,154,230.00,460.00);
